"ID",EMPLOYEE,DP Code,AGE,GENDER,CIVILSTATUS,MOBILE NUMBER,EMAIL ADDRESS,EMPLOYMENT TYPE,EMPLOYMENT STATUS
312,VIVEK KUMAR ,678,,MALE,SINGLE,,office@12gmail.com,Regular,Active
311,SUSHMA KUMARI ,594,,FEMALE,MARRIED,,office@12gmail.com,Regular,Active
310,RAVI KUMAR ,844,,MALE,SINGLE,,office@12gmail.com,Regular,Active
309,BADAL KUMAR ,772,,MALE,SINGLE,,office@12gmail.com,Regular,Active
308,RAJESH KUMAR ,462,,MALE,MARRIED,,office23@gmail.com,,Active
307,ARSHAD ZAFAR ,836,,MALE,SINGLE,9266104679,office23@gmail.com,,Active
306,SANJAY KUMAR ,762,,MALE,SINGLE,8279346091,office23@gmail.com,,Active
305,SACHIN KUMAR ,435,,MALE,SINGLE,,office23@gmail.com,,Active
304,PRIYA DHINGRA ,636,,FEMALE,MARRIED,,office23@gmail.com,Regular,Active
303,MD TOSIB ,837,,MALE,SINGLE,8595681191,office23@gmail.com,Regular,Active
302,RAHUL KUMAR ,833,,MALE,SINGLE,7701858951,office23@gmail.com,Regular,Active
301,RAM NATH ,832,,MALE,SINGLE,8851271657,office23@gmail.com,Regular,Active
300,PAWAN KUMAR ,831,,MALE,SINGLE,9871059228,office23@gmail.com,Regular,Active
299,ANURAG SAINI ,827,,MALE,SINGLE,9212255341,office23@gmail.com,Regular,Active
298,VIKAS RAJ ,823,,MALE,SINGLE,8860816600,office23@gmail.com,Regular,Active
297,PRIYANKA KUMARI ,373,,FEMALE,MARRIED,,office02@gmail.com,Regular,Active
296,MD ASIF ,819,,MALE,SINGLE,8294609324,office23@gmail.com,Regular,Active
295,MAHESH RAJA ,820,,MALE,SINGLE,9262285383,office23@gmail.com,Regular,Active
294,NANDLAL JHA ,807,,MALE,SINGLE,8873022171,office23@gmail.com,Regular,Active
293,VISHAL KUMAR ,796,,MALE,SINGLE,9560380746,office23@gmail.com,Regular,Active
292,SURAJ KUMAR ,761,,MALE,SINGLE,9717558267,office23@gmail.com,Regular,Active
291,PAWAN KUMAR ,760,,MALE,SINGLE,6387848534,office23@gmail.com,Regular,Active
290,PUNAM KUMARI ,490,,FEMALE,SINGLE,,office02@gmail.com,Regular,Active
289,PRIYANSHU GUPTA ,386,,MALE,SINGLE,,office23@gmail.com,Regular,Active
288,SONALI BISWAS ,477,,FEMALE,MARRIED,,office02@gmail.com,Regular,Active
287,KISHAN KUMAR ,725,,MALE,SINGLE,9953507469,office23@gmail.com,Regular,Active
286,RAJESH KUMAR ,721,,MALE,SINGLE,8383800384,office23@gmail.com,Regular,Active
285,MUNNA KUMAR ,406,,MALE,SINGLE,,office02@gmail.com,Regular,Active
284,RITIK YADAV ,563,,MALE,SINGLE,,office23@gmail.com,Regular,Active
283,SHIVA KUMAR ,345,,MALE,SINGLE,,office02@gmail.com,Regular,Active
282,VINOD KUMAR ,353,,MALE,SINGLE,,office23@gmail.com,Regular,Active
281,RAHUL KUMAR ,829,,MALE,SINGLE,,office02@gmail.com,Regular,Active
280,SHUBHAM YADAV ,434,,MALE,SINGLE,,office23@gmail.com,Regular,Active
279,SANTOSH KUMAR ,72,,MALE,SINGLE,,office23@gmail.com,Regular,Active
278,RAM GOPAL ,289,,MALE,SINGLE,,office23@gmail.com,Regular,Active
277,RAJ GOND ,91,,MALE,SINGLE,,office23@gmail.com,Regular,Active
276,NITISH KUMAR ,446,,MALE,SINGLE,,office23@gmail.com,Regular,Active
275,BHASKAR KUMAR ,717,,MALE,SINGLE,,office02@gmail.com,Regular,Active
274,MOHIT GOSWAMI ,168,,MALE,SINGLE,,office23@gmail.com,Regular,Active
273,MANOJ KUMAR ,52,,MALE,SINGLE,,office23@gmail.com,Regular,Active
272,IRFAN KHAN ,311,,MALE,SINGLE,,office23@gmail.com,Regular,Active
271,VISHAL MISHRA ,613,,MALE,SINGLE,,office02@gmail.com,Regular,Active
270,HIMANSHU SINGH ,119,,MALE,SINGLE,,office23@gmail.com,Regular,Active
269,CHANDAN KUMAR ,292,,MALE,SINGLE,,office23@gmail.com,Regular,Active
268,BHUPENDER KUMAR ,279,,MALE,SINGLE,,office23@gmail.com,Regular,Active
267,SANTOSH KUMARI ,174,,FEMALE,SINGLE,,office02@gmail.com,Regular,Active
266,NISHA KUMARI ,608,,FEMALE,SINGLE,,office02@gmail.com,Regular,Active
265,KUSHUM KUMARI ,524,,FEMALE,SINGLE,,office02@gmail.com,Regular,Active
264,KOMAL KUMARI ,597,,FEMALE,SINGLE,,office02@gmail.com,Regular,Active
263,ARUNIMA SINGH ,432,,FEMALE,SINGLE,,office02@gmail.com,Regular,Active
262,AKHILESH KUMAR ,393,,MALE,SINGLE,,office02@gmail.com,Regular,Active
261,ABHISHEK SHUKLA ,548,,MALE,SINGLE,,office02@gmail.com,Regular,Active
260,ANURAG KUMAR ,533,,MALE,SINGLE,,office02@gmail.com,Regular,Active
259,LAXMI KUMARI ,408,,FEMALE,SINGLE,,office02@gmail.com,Regular,Active
258,NAVEEN KUMAR ,243,,MALE,SINGLE,,office02@gmail.com,Regular,Active
257,MONIKA KUMARI ,713,,FEMALE,SINGLE,8447875490,office02@gmail.com,Regular,Active
256,MADHU KUMARI ,778,,FEMALE,SINGLE,7042498544,office02@gmail.com,Regular,Active
255,MOHIT SINGH ,742,,MALE,SINGLE,9643147318,office02@gmail.com,Regular,Active
254,REENA KUMARI ,407,,FEMALE,SINGLE,,office02@gmail.com,Regular,Active
253,RUMAN JAISWAL ,482,,FEMALE,SINGLE,,office02@gmail.com,Regular,Active
252,ANEESH KUMAR ,834,,MALE,SINGLE,9315166712,office02@gmail.com,Regular,Active
251,AMAN SAINI ,634,,MALE,SINGLE,,office02@gmail.com,Regular,Active
250,RAM AWAD KUMAR ,540,,MALE,SINGLE,,office02@gmail.com,Regular,Active
249,YOGENDER KUMAR ,683,,MALE,SINGLE,,office02@gmail.com,Regular,Active
248,AMBIKA KUMARI ,771,,FEMALE,SINGLE,9125710721,office02@gmail.com,Regular,Active
247,SUNNY KUMAR ,532,,MALE,SINGLE,,office02@gmail.com,Regular,Active
246,KOMAL KASHYUP ,336,,FEMALE,SINGLE,,office02@gmail.com,Regular,Active
245,TARA KUMARI ,233,,FEMALE,SINGLE,,office02@gmail.com,Regular,Active
244,KHUSHBOO THAKUR ,645,,FEMALE,SINGLE,,office02@gmail.com,Regular,Active
243,KESHAV KUMAR ,567,,MALE,SINGLE,,office02@gmail.com,Regular,Active
242,RASHMI PANWAR ,745,,FEMALE,SINGLE,8448722026,office02@gmail.com,Regular,Active
241,DEEPAK PAL ,828,,MALE,SINGLE,7065553341,office02@gmail.com,Regular,Active
240,POOJA KUMARI ,474,,FEMALE,SINGLE,,office02@gmail.com,Regular,Active
239,NEELAM KUMARI ,629,,FEMALE,SINGLE,,office02@gmail.com,Regular,Active
238,NARENDER KUMAR ,743,,FEMALE,SINGLE,7303218047,office02@gmail.com,Regular,Active
237,RAKHI KUMARI ,781,,FEMALE,SINGLE,7235835872,office02@gmail.com,Regular,Active
236,ARUNIMA KUMARI ,429,,FEMALE,SINGLE,,office02@gmail.com,Regular,Active
235,DHRUV SHARMA ,804,,MALE,SINGLE,7834901758,office02@gmail.com,Regular,Active
234,VISHAL DIXIT ,777,,MALE,SINGLE,7678681414,office02@gmail.com,Regular,Active
233,ROSHNI KUMARI ,821,,FEMALE,SINGLE,9717463615,office02@gmail.com,Regular,Active
232,ABHISHEK MEHTO ,09,,MALE,SINGLE,,office02@gmail.com,Regular,Active
231,AMIT YADAV ,88,,MALE,SINGLE,,office02@gmail.com,Regular,Active
230,SUMIT KUMAR ,529,,MALE,SINGLE,,office02@gmail.com,Regular,Active
229,PRINCE KUMAR ,794,,FEMALE,SINGLE,8826854118,office02@gmail.com,Regular,Active
228,DEEPAK YADAV ,570,,MALE,SINGLE,,office02@gmail.com,Regular,Active
227,NISHU KUMARI ,731,,FEMALE,SINGLE,,office02@gmail.com,Regular,Active
226,SIMRAN KUMARI ,647,,FEMALE,SINGLE,,office02@gmail.com,Regular,Active
225,DEEPAK PRAJAPATI ,134,,MALE,SINGLE,,office02@gmail.com,Regular,Active
224,PRIYA KUMARI ,744,,FEMALE,SINGLE,8376907339,office02@gmail.com,Regular,Active
223,GAYATRI SHARMA ,779,,FEMALE,SINGLE,8929074922,office02@gmail.com,Regular,Active
222,PRIYANKA KUMARI ,531,,FEMALE,SINGLE,,office02@gmail.com,Regular,Active
221,AAKASH KUMAR ,437,,MALE,SINGLE,,office02@gmail.com,Regular,Active
220,KOMAL KUMARI ,397,,FEMALE,SINGLE,,office02@gmail.com,Regular,Active
219,PINKI KUMARI ,799,,FEMALE,SINGLE,9053254603,office02@gmail.com,Regular,Active
218,BRIJESH KUMAR ,284,,MALE,,,office02@gmail.com,Regular,Active
217,ROHIT KUMAR ,773,,MALE,SINGLE,9953650758,office02@gmail.com,Regular,Active
216,SURAJ KUMAR ,715,,MALE,SINGLE,,office02@gmail.com,Regular,Active
215,POOJA PANDEY ,732,,FEMALE,SINGLE,8287273850,office02@gmail.com,Regular,Active
214,HEAD OFFICE ,5001,,MALE,,,hod@gmail.com,Regular,Active
213,AMAN K ,2136,,MALE,,,office23@gmail.com,,Active
212,PREET KUMARI ,2145,,FEMALE,,,office23@gmail.com,,Active
211,MONIKA KUMARI ,2144,,FEMALE,,,office23@gmail.com,,Active
210,ROHIT KUMAR ,2143,,MALE,,,office23@gmail.com,,Active
209,HIMANSHU KUMAR ,2141,,MALE,,,office23@gmail.com,,Active
208,SHUBHAM KUMAR ,2140,,MALE,,,office23@gmail.com,,Active
207,SHILPA RANI ,2139,,FEMALE,,,office23@gmail.com,,Active
206,RAVI KUMAR ,2138,,MALE,,,office23@gmail.com,,Active
205,LAXMI KUMARI ,2137,,FEMALE,,,office23@gmail.com,,Active
204,MUSKAN KUMARI ,2135,,FEMALE,,,office23@gmail.com,,Active
203,SANJEEV KUMAR ,2134,,MALE,,,office23@gmail.com,,Active
202,AMAN VERMA ,2133,,MALE,,,office23@gmail.com,,Active
201,AKANSHA KUMARI ,2132,,FEMALE,,,office23@gmail.com,,Active
200,SAHIL KUMAR ,2131,,MALE,,,office23@gmail.com,,Active
199,SUNIL KUMAR ,2130,,MALE,,,office23@gmail.com,,Active
198,HIMALAYA KUMAR ,2129,,MALE,,,office23@gmail.com,,Active
197,SUNDRAM JHA ,2128,,MALE,,,office23@gmail.com,,Active
196,UTTKARSH JHA ,2127,,MALE,,,office23@gmail.com,,Active
195,ANKIT SINGH ,2126,,MALE,,,office23@gmail.com,,Active
194,GUNJAN KUMARI ,2125,,FEMALE,,,office23@gmail.com,,Active
193,ARTI-2 KUMARI ,2124,,FEMALE,,,office23@gmail.com,,Active
192,ARTI-1 KUMARI ,2123,,FEMALE,,,office23@gmail.com,,Active
191,SHIVAM MISHRA ,2122,,MALE,,,office23@gmail.com,,Active
190,JATIN KUMAR ,2121,,MALE,,,office23@gmail.com,,Active
189,SATBIR KUMAR ,2120,,MALE,,,office23@gmail.com,,Active
188,ASHA RANI ,2119,,FEMALE,,,office23@gmail.com,,Active
187,SHEHNAAZ KUMARI ,2118,,FEMALE,,,office23@gmail.com,,Active
186,NEHA RANI ,2117,,FEMALE,,,office23@gmail.com,,Active
185,CHANDNI KUMARI ,2115,,FEMALE,,,office23@gmail.com,,Active
184,NISHA YADAV ,2113,,FEMALE,,,office23@gmail.com,,Active
183,KRISHNA JHA ,2112,,MALE,,,office23@gmail.com,,Active
182,SANJAY KUMAR ,2111,,MALE,,,office23@gmail.com,,Active
181,SUMAN RANI ,2110,,FEMALE,,,office23@gmail.com,,Active
180,YOGITA KUMARI ,2109,,FEMALE,,,office23@gmail.com,,Active
179,AMAN SINGH ,2108,,MALE,,,office23@gmail.com,,Active
178,PREETI RANI ,2107,,FEMALE,,,office23@gmail.com,,Active
177,RAJAN KUMAR ,2106,,MALE,,,office23@gmail.com,,Active
176,JOGINDER SHARMA ,2105,,MALE,,,office23@gmail.com,,Active
175,SACHIN KUMAR ,2104,,MALE,,,office23@gmail.com,,Active
174,SUMIT KUMAR ,2103,,MALE,,,office23@gmail.com,,Active
173,ANJALI RANI ,2102,,FEMALE,,,office23@gmail.com,,Active
172,ANISHA KUMARI ,2007,,FEMALE,,,office23@gmail.com,,Active
171,ABHISHEK DAS ,2101,,MALE,,,office23@gmail.com,,Active
170,RIYA SHARMA ,2100,,FEMALE,,,office23@gmail.com,,Active
169,GAYATRI RATHOR ,2099,,FEMALE,,,office23@gmail.com,,Active
168,RAHUL SINGH ,2091,,MALE,,,office23@gmail.com,,Active
167,KIRAN CHAUHAN ,2095,,FEMALE,,,office23@gmail.com,,Active
166,MAMTA BARA ,2094,,FEMALE,,,office23@gmail.com,,Active
165,ROSHNI KHAN ,2098,,FEMALE,,,office23@gmail.com,,Active
164,ARUN SHARMA ,2086,,MALE,,,office23@gmail.com,,Active
163,JAI PRAKASH ,2084,,MALE,MARRIED,,office23@gmail.com,,Active
162,SATISH KUMAR ,2080,,MALE,,,office23@gmail.com,,Active
161,AMAN KUMAR ,2081,,MALE,,,office23@gmail.com,,Active
160,AMAN SHARMA ,2088,,MALE,,,office23@gmail.com,,Active
159,RIYA MISHRA ,2074,,FEMALE,,,office23@gmail.com,,Active
158,RITIK YADAV ,2076,,MALE,,,office23@gmail.com,,Active
157,ISHIKA KUMARI ,2075,,FEMALE,,,office23@gmail.com,,Active
156,VARSHA RANI ,2077,,FEMALE,,,office23@gmail.com,,Active
155,TASMIN SABA ,2070,,FEMALE,,,office23@gmail.com,,Active
154,SHOBHA KUMARI ,2063,,FEMALE,,,office23@gmail.com,,Active
153,SAGAR KUMAR ,2061,,MALE,,,office23@gmail.com,,Active
152,RESHMA KUMARI ,2058,,FEMALE,,,office23@gmail.com,,Active
151,RAKHI KUMARI ,2055,,FEMALE,,,office23@gmail.com,,Active
150,RAJAT SHARMA ,2054,,MALE,,,office23@gmail.com,,Active
149,PRIYA KUMARI ,2052,,FEMALE,,,office23@gmail.com,,Active
148,POOJA DEEWAKAR ,2048,,FEMALE,,,office23@gmail.com,,Active
147,PINKI RANI ,2046,,FEMALE,,,office23@gmail.com,,Active
146,NISHA KUMARI ,2045,,FEMALE,,,office23@gmail.com,,Active
145,NITIN PRAJAPATI ,2044,,MALE,,,office23@gmail.com,,Active
144,NEHA SHARMA ,2039,,FEMALE,,,office23@gmail.com,,Active
143,MONA KUMARI ,2038,,FEMALE,,,office23@gmail.com,,Active
142,LALIT KUMAR ,2031,,MALE,,,office23@gmail.com,,Active
141,KHUSHI KUMARI ,2029,,FEMALE,,,office23@gmail.com,,Active
140,KHUSHBOO KUMARI ,2028,,FEMALE,,,office23@gmail.com,,Active
139,KAJOL KUMARI ,2025,,FEMALE,,,office23@gmail.com,,Active
138,JYOTSANA KUNDRA ,2082,,FEMALE,,,office23@gmail.com,,Active
137,GAURAV MEGLANI ,2019,,MALE,,,office23@gmail.com,,Active
136,DIPENDER KUMAR ,2012,,MALE,,,office23@gmail.com,,Active
135,ANJALI KUMARI ,2004,,FEMALE,,,office23@gmail.com,,Active
134,ABHISHEK KUMAR ,2002,,MALE,,,office23@gmail.com,,Active
133,AMRENDER JHA ,2066,,MALE,,,office23@gmail.com,,Active
132,KUMARI ANJANI ,2087,,FEMALE,,,office23@gmail.com,,Active
131,RAHUL KUMAR ,817,,MALE,,,office23@gmail.com,,Active
130,NISHA KUMARI ,813,,FEMALE,,,office23@gmail.com,,Active
129,DEEPAK JAISWAL ,802,,MALE,,,office23@gmail.com,,Active
128,ASHU TIWARI ,805,,MALE,,,office23@gmail.com,,Active
127,SANGEETA KUMARI ,791,,FEMALE,,,office23@gmail.com,,Active
126,REENA KUMARI ,790,,FEMALE,,,office23@gmail.com,,Active
125,HIMANSHU KUMAR ,789,,MALE,,,office23@gmail.com,,Active
124,SATENDER YADAV ,783,,MALE,,,office23@gmail.com,,Active
123,GOVIND KUMAR ,784,,MALE,,,office23@gmail.com,,Active
122,RAHUL KUMAR ,770,,MALE,,,office23@gmail.com,,Active
121,GAURAV KUMAR ,750,,MALE,,,office23@gmail.com,,Active
120,JYOTI RANI ,723,,FEMALE,,,office23@gmail.com,,Active
119,ANAMIKA KUMARI ,720,,FEMALE,,,office23@gmail.com,,Active
118,MUSKAN RANI ,691,,FEMALE,,,office23@gmail.com,,Active
117,RASHMI KUMARI ,722,,FEMALE,,,office23@gmail.com,,Active
116,NISHA KUMARI ,707,,FEMALE,,,office23@gmail.com,,Active
115,POOJA KUMARI ,708,,FEMALE,,,office23@gmail.com,,Active
114,NITIN PAL ,697,,MALE,,,office23@gmail.com,,Active
113,KAJAL SHARMA ,676,,FEMALE,,,office23@gmail.com,,Active
112,SANJU CHOUDHARY ,696,,FEMALE,,,office23@gmail.com,,Active
111,KAJAL KUMARI ,687,,FEMALE,,,office23@gmail.com,,Active
110,SUNITA KUMARI ,675,,FEMALE,,,office23@gmail.com,,Active
109,MOHINA KUMARI ,369,,FEMALE,,,office23@gmail.com,,Active
108,DEEPANDU KUMAR ,656,,MALE,,,office23@gmail.com,,Active
107,BHANU KUMAR ,654,,MALE,,,office23@gmail.com,,Active
106,KAMAL KUMAR ,653,,MALE,,,office23@gmail.com,,Active
105,AYUSH KUMAR ,652,,MALE,,,office23@gmail.com,,Active
104,RAMESH KUMAR ,308,,MALE,MARRIED,,office23@gmail.com,,Active
103,ZAHIDA XYZ ,125,,FEMALE,,,office23@gmail.com,,Active
102,VIJAYADITYA VIKRAM ,480,,MALE,,,office23@gmail.com,,Active
101,TWINKLE KUMARI ,182,,FEMALE,,,office23@gmail.com,,Active
100,GOVIND MISHRA KUMAR,797,,MALE,SINGLE,,office23@gmail.com,,Active
99,SAPNA KUMARI ,223,,FEMALE,,,office23@gmail.com,,Active
98,SANJEEV KUMAR ,385,,MALE,,,office23@gmail.com,,Active
97,GAURAV KUMAR ,184,,MALE,SINGLE,,office23@gmail.com,,Active
96,ROHIT CHAUHAN ,469,,MALE,,,office23@gmail.com,,Active
95,PRANJALI RANI ,589,,FEMALE,,,office23@gmail.com,,Active
94,HIMANSHU KUMAR ,49,,MALE,SINGLE,,office23@gmail.com,,Active
93,PINKI KUMARI ,403,,FEMALE,,,office23@gmail.com,,Active
92,MOHIT KUMAR ,305,,MALE,,,office23@gmail.com305,,Active
91,MANISHA KUMARI ,622,,FEMALE,,,office23@gmail.com,,Active
90,NITESH JHA ,782,,MALE,SINGLE,,office23@gmail.com,,Active
89,MANISH KUMAR ,788,,MALE,SINGLE,,office23@gmail.com,,Active
88,MADHU KUMARI ,588,,FEMALE,,,office23@gmail.com,,Active
87,ASHU VISHKARMA ,307,,MALE,SINGLE,,office23@gmail.com,,Active
86,KHUSHI CHORSIYA ,194,,FEMALE,,,office23@gmail.com,,Active
85,DEEPAK SINGH ,513,,MALE,SINGLE,,office23@gmail.com,,Active
84,JYOTI KUMARI ,371,,FEMALE,,,office23@gmail.com,,Active
83,FOZIA RANI ,621,,FEMALE,,,office23@gmail.com,,Active
82,FIRDOS XYZ ,176,,FEMALE,,,office23@gmail.com,,Active
81,PRAVEEN KUMAR ,809,,MALE,MARRIED,,office23@gmail.com,,Active
80,DIMPY RANI ,541,,FEMALE,,,office23@gmail.com,,Active
79,BABY RANI ,542,,FEMALE,,,office23@gmail.com,,Active
78,KAUSHAL KUMAR ,824,,MALE,SINGLE,,office23@gmail.com,,Active
77,ANOOP KUMAR ,310,,MALE,,,office23@gmail.com,,Active
76,AJAY SHARMA ,102,,MALE,,,office23@gmail.com,,Active
75,ABHISHEK SINGH ,157,,MALE,,,office23@gmail.com,,Active
74,KAVITA SAINI ,59,,FEMALE,SINGLE,,office23@gmail.com,,Active
73,KAVITA RANI ,825,,FEMALE,,,office23@gmail.com,,Active
72,NIKITA RANI ,698,,FEMALE,,,office23@gmail.com,,Active
71,AKSHAY KUMAR ,252,,MALE,,,office23@gmail.com,,Active
70,FARHIN RANI ,491,,FEMALE,,,office23@gmail.com,,Active
69,KIRAN KUMARI ,492,,FEMALE,,,office23@gmail.com,,Active
68,VINAY KUMARI ,767,,FEMALE,SINGLE,,office23@gmail.com,,Active
67,SUDHIR KUMAR ,197,,MALE,,,office23@gmail.com,,Active
66,PRIYA KUMARI ,753,,FEMALE,SINGLE,,office23@gmail.com,,Active
65,VANI KUMARI ,525,,FEMALE,,,office23@gmail.com,,Active
64,VISHAKA RANI ,523,,FEMALE,,,office23@gmail.com,,Active
63,PRIYA KUMARI ,671,,FEMALE,SINGLE,,office23@gmail.com,Regular,Active
62,SOURABH KUMAR ,244,,MALE,SINGLE,,office23@gmail.com,,Active
61,MANISHA KUMARI ,766,,FEMALE,SINGLE,,office23@gmail.com,,Active
60,SURAJ KUMAR ,716,,MALE,SINGLE,,office23@gmail.com,,Active
59,AKRITI KUMARI ,681,,FEMALE,SINGLE,,office23@gmail.com,,Active
58,AMARDEEP KUMAR ,714,,MALE,SINGLE,,office23@gmail.com,,Active
57,JYOTI KUMARI ,765,,FEMALE,SINGLE,,office23@gmail.com,,Active
56,AASISH OJHA KUMAR,795,,MALE,MARRIED,8287534220,office23@gmail.com,,Active
55,SUMAN NEHRA ,808,,FEMALE,MARRIED,9210404774,office23@gmail.com,,Active
54,ANOOP KUMAR ,749,,MALE,SINGLE,,office23@gmail.com,,Active
53,MANISH YADAV ,31,,MALE,SINGLE,,office23@gmail.com,,Active
52,MD AKRAM ,703,,MALE,SINGLE,,office23@gmail.com,,Active
51,MD SONU ,693,,MALE,SINGLE,,office23@gmail.com,,Active
50,ARTI KUMARI ,752,,FEMALE,SINGLE,,office23@gmail.com,,Active
49,SUJEET KUMAR ,282,,MALE,,,office23@gmail.com,,Active
48,GUDDI KUMARI ,810,,FEMALE,MARRIED,8826760562,office23@gmail.com,,Active
47,KRANTI SHARMA ,793,,MALE,SINGLE,9304131250,office23@gmail.com,,Active
46,ROHIT KUMAR ,826,,MALE,,,office23@gmail.com,,Active
45,GULISHTA KHAN ,835,,FEMALE,MARRIED,9354148274,office23@gmail.com,,Active
44,SUSHILA RANI ,601,,FEMALE,MARRIED,,office23@gmail.com,,Active
43,ROHIT SHARMA ,756,,MALE,,,office23@gmail.com,,Active
42,INTEZAAR MEHANDI ,260,,MALE,MARRIED,,office23@gmail.com,,Active
41,KUNAL KUMAR ,129,,MALE,,,office23@gmail.com,,Active
40,ROHIT KUMAR ,330,,MALE,,,office23@gmail.com,,Active
39,PARKASH JHA CHAND,839,,MALE,,,office23@gmail.com,,Active
38,VIKRAM MISHRA ,122,,MALE,,,office23@gmail.com,,Active
37,VIKRAM SHARMA ,838,,MALE,,9555334336,office23@gmail.com,,Active
36,PANKAJ KUMAR ,667,,MALE,,,office23@gmail.com,,Active
35,JAI KUMAR ,332,,MALE,,,office23@gmail.com,,Active
34,MEERA RANI ,399,,FEMALE,MARRIED,,office23@gmail.com,,Active
33,AJAY KUMAR ,785,,MALE,,,office23@gmail.com,,Active
32,TARA BISHT SINGH,511,,MALE,MARRIED,,office23@gmail.com,,Active
31,KRISHNA NANDAN ,331,,MALE,,,office23@gmail.com,,Active
30,DURGA PARSHAD ,605,,MALE,SINGLE,,office23@gmail.com,,Active
29,ANAND SINGH ,65,,MALE,MARRIED,,office23@gmail.com,,Active
28,KARAN KUMAR ,21,,MALE,MARRIED,,office23@gmail.com,,Active
27,VERSHA VERMA ,30,,FEMALE,MARRIED,,office23@gmail.com,,Active
26,SARIK KUMAR ,806,,MALE,,9555906527,office23@gmail.com,,Active
25,PAWAN DUBEY ,188,,MALE,MARRIED,,office23@gmail.com,,Active
24,SAJAUDDIN SAFI ,189,,MALE,,,office23@gmail.com,,Active
23,AVIK CHAKRABORTY ,840,,MALE,,7908388433,office23@gmail.com,,Active
22,JITENDER SHUKLA ,586,,MALE,MARRIED,,office23@gmail.com,,Archived
21,SHIVANI KUMARI ,22,,FEMALE,SINGLE,,office23@gmail.com,,Active
20,CHAMAN THAKUR ,322,,MALE,MARRIED,,office23@gmail.com,,Active
19,KAUSHAL SINGH ,04,,MALE,SINGLE,,office23@gmail.com,,Active
18,ATUL SHARMA ,38,,MALE,MARRIED,,office23@gmail.com,,Active
17,JASLEEN KAUR ,150,,FEMALE,MARRIED,,office23@gmail.com,,Active
16,MANOJ KUMAR ,212,,MALE,,,office23@gmail.com,,Active
15,MUKESH BISHT ,816,,MALE,,8587961452,office23@gmail.com,,Active
14,VIVEK KUMAR ,830,,MALE,,9310566812,office23@gmail.com,,Active
13,HUNNY GARG ,405,,MALE,MARRIED,,office23@gmail.com,,Active
12,MUKESH MISHRA ,63,,MALE,MARRIED,,office23@gmail.com,,Active
11,VIKASH MISHRA KUMAR,03,,MALE,MARRIED,8676868023,vikashmishra344@gmail.com,,Active
10,MEENU HOODA ,509,,FEMALE,SINGLE,,meenuhooda024@gmail.com,,Active
9,MEENAKSHI SAIN ,818,,FEMALE,SINGLE,,meenakshisain37@gmail.com,,Active
8,SALIHA PARVEEN ,571,,FEMALE,SINGLE,,saliyaparveen1999@gmail.com,,Active
7,MITUL BISHNOI ,02,,FEMALE,MARRIED,8307383323,mitulbishnoi29@gmail.com,,Active
6,ANKIT PAHWA ,001,28,MALE,SINGLE,8901262650,pahwa.ankit3@gmail.com,Regular,Active
5,KRISHNA SHARMA ,222,,MALE,MARRIED,9911202006,sharmakrishna313@gmail.com,Regular,Active
