"ID",EMPLOYEE,AGE,GENDER,CIVILSTATUS,MOBILE NUMBER,EMAIL ADDRESS,EMPLOYMENT TYPE,EMPLOYMENT STATUS
213,K AMAN ,,MALE,,,office23@gmail.com,,Active
212,KUMARI PREET ,,FEMALE,,,office23@gmail.com,,Active
211,KUMARI MONIKA ,,FEMALE,,,office23@gmail.com,,Active
210,KUMAR ROHIT ,,MALE,,,office23@gmail.com,,Active
209,KUMAR HIMANSHU ,,MALE,,,office23@gmail.com,,Active
208,KUMAR SHUBHAM ,,MALE,,,office23@gmail.com,,Active
207,RANI SHILPA ,,FEMALE,,,office23@gmail.com,,Active
206,KUMAR RAVI ,,MALE,,,office23@gmail.com,,Active
205,KUMARI LAXMI ,,FEMALE,,,office23@gmail.com,,Active
204,KUMARI MUSKAN ,,FEMALE,,,office23@gmail.com,,Active
203,KUMAR SANJEEV ,,MALE,,,office23@gmail.com,,Active
202,VERMA AMAN ,,MALE,,,office23@gmail.com,,Active
201,KUMARI AKANSHA ,,FEMALE,,,office23@gmail.com,,Active
200,KUMAR SAHIL ,,MALE,,,office23@gmail.com,,Active
199,KUMAR SUNIL ,,MALE,,,office23@gmail.com,,Active
198,KUMAR HIMALAYA ,,MALE,,,office23@gmail.com,,Active
197,JHA SUNDRAM ,,MALE,,,office23@gmail.com,,Active
196,JHA UTTKARSH ,,MALE,,,office23@gmail.com,,Active
195,SINGH ANKIT ,,MALE,,,office23@gmail.com,,Active
194,KUMARI GUNJAN ,,FEMALE,,,office23@gmail.com,,Active
193,KUMARI ARTI-2 ,,FEMALE,,,office23@gmail.com,,Active
192,KUMARI ARTI-1 ,,FEMALE,,,office23@gmail.com,,Active
191,MISHRA SHIVAM ,,MALE,,,office23@gmail.com,,Active
190,KUMAR JATIN ,,MALE,,,office23@gmail.com,,Active
189,KUMAR SATBIR ,,MALE,,,office23@gmail.com,,Active
188,RANI ASHA ,,FEMALE,,,office23@gmail.com,,Active
187,KUMARI SHEHNAAZ ,,FEMALE,,,office23@gmail.com,,Active
186,RANI NEHA ,,FEMALE,,,office23@gmail.com,,Active
185,KUMARI CHANDNI ,,FEMALE,,,office23@gmail.com,,Active
184,YADAV NISHA ,,FEMALE,,,office23@gmail.com,,Active
183,JHA KRISHNA ,,MALE,,,office23@gmail.com,,Active
182,KUMAR SANJAY ,,MALE,,,office23@gmail.com,,Active
181,RANI SUMAN ,,FEMALE,,,office23@gmail.com,,Active
180,KUMARI YOGITA ,,FEMALE,,,office23@gmail.com,,Active
179,SINGH AMAN ,,MALE,,,office23@gmail.com,,Active
178,RANI PREETI ,,FEMALE,,,office23@gmail.com,,Active
177,KUMAR RAJAN ,,MALE,,,office23@gmail.com,,Active
176,SHARMA JOGINDER ,,MALE,,,office23@gmail.com,,Active
175,KUMAR SACHIN ,,MALE,,,office23@gmail.com,,Active
174,KUMAR SUMIT ,,MALE,,,office23@gmail.com,,Active
173,RANI ANJALI ,,FEMALE,,,office23@gmail.com,,Active
172,KUMARI ANISHA ,,FEMALE,,,office23@gmail.com,,Active
171,DAS ABHISHEK ,,MALE,,,office23@gmail.com,,Active
170,SHARMA RIYA ,,FEMALE,,,office23@gmail.com,,Active
169,RATHOR GAYATRI ,,FEMALE,,,office23@gmail.com,,Active
168,SINGH RAHUL ,,MALE,,,office23@gmail.com,,Active
167,CHAUHAN KIRAN ,,FEMALE,,,office23@gmail.com,,Active
166,BARA MAMTA ,,FEMALE,,,office23@gmail.com,,Active
165,KHAN ROSHNI ,,FEMALE,,,office23@gmail.com,,Active
164,SHARMA ARUN ,,MALE,,,office23@gmail.com,,Active
163,PRAKASH JAI ,,MALE,MARRIED,,office23@gmail.com,,Active
162,KUMAR SATISH ,,MALE,,,office23@gmail.com,,Active
161,KUMAR AMAN ,,MALE,,,office23@gmail.com,,Active
160,SHARMA AMAN ,,MALE,,,office23@gmail.com,,Active
159,MISHRA RIYA ,,FEMALE,,,office23@gmail.com,,Active
158,YADAV RITIK ,,MALE,,,office23@gmail.com,,Active
157,KUMARI ISHIKA ,,FEMALE,,,office23@gmail.com,,Active
156,RANI VARSHA ,,FEMALE,,,office23@gmail.com,,Active
155,SABA TASMIN ,,FEMALE,,,office23@gmail.com,,Active
154,KUMARI SHOBHA ,,FEMALE,,,office23@gmail.com,,Active
153,KUMAR SAGAR ,,MALE,,,office23@gmail.com,,Active
152,KUMARI RESHMA ,,FEMALE,,,office23@gmail.com,,Active
151,KUMARI RAKHI ,,FEMALE,,,office23@gmail.com,,Active
150,SHARMA RAJAT ,,MALE,,,office23@gmail.com,,Active
149,KUMARI PRIYA ,,FEMALE,,,office23@gmail.com,,Active
148,DEEWAKAR POOJA ,,FEMALE,,,office23@gmail.com,,Active
147,RANI PINKI ,,FEMALE,,,office23@gmail.com,,Active
146,KUMARI NISHA ,,FEMALE,,,office23@gmail.com,,Active
145,PRAJAPATI NITIN ,,MALE,,,office23@gmail.com,,Active
144,SHARMA NEHA ,,FEMALE,,,office23@gmail.com,,Active
143,KUMARI MONA ,,FEMALE,,,office23@gmail.com,,Active
142,KUMAR LALIT ,,MALE,,,office23@gmail.com,,Active
141,KUMARI KHUSHI ,,FEMALE,,,office23@gmail.com,,Active
140,KUMARI KHUSHBOO ,,FEMALE,,,office23@gmail.com,,Active
139,KUMARI KAJOL ,,FEMALE,,,office23@gmail.com,,Active
138,KUNDRA JYOTSANA ,,FEMALE,,,office23@gmail.com,,Active
137,MEGLANI GAURAV ,,MALE,,,office23@gmail.com,,Active
136,KUMAR DIPENDER ,,MALE,,,office23@gmail.com,,Active
135,KUMARI ANJALI ,,FEMALE,,,office23@gmail.com,,Active
134,KUMAR ABHISHEK ,,MALE,,,office23@gmail.com,,Active
133,JHA AMRENDER ,,MALE,,,office23@gmail.com,,Active
132,ANJANI KUMARI ,,FEMALE,,,office23@gmail.com,,Active
131,KUMAR RAHUL ,,MALE,,,office23@gmail.com,,Active
130,KUMARI NISHA ,,FEMALE,,,office23@gmail.com,,Active
129,JAISWAL DEEPAK ,,MALE,,,office23@gmail.com,,Active
128,TIWARI ASHU ,,MALE,,,office23@gmail.com,,Active
127,KUMARI SANGEETA ,,FEMALE,,,office23@gmail.com,,Active
126,KUMARI REENA ,,FEMALE,,,office23@gmail.com,,Active
125,KUMAR HIMANSHU ,,MALE,,,office23@gmail.com,,Active
124,YADAV SATENDER ,,MALE,,,office23@gmail.com,,Active
123,KUMAR GOVIND ,,MALE,,,office23@gmail.com,,Active
122,KUMAR RAHUL ,,MALE,,,office23@gmail.com,,Active
121,KUMAR GAURAV ,,MALE,,,office23@gmail.com,,Active
120,RANI JYOTI ,,FEMALE,,,office23@gmail.com,,Active
119,KUMARI ANAMIKA ,,FEMALE,,,office23@gmail.com,,Active
118,RANI MUSKAN ,,FEMALE,,,office23@gmail.com,,Active
117,KUMARI RASHMI ,,FEMALE,,,office23@gmail.com,,Active
116,KUMARI NISHA ,,FEMALE,,,office23@gmail.com,,Active
115,KUMARI POOJA ,,FEMALE,,,office23@gmail.com,,Active
114,PAL NITIN ,,MALE,,,office23@gmail.com,,Active
113,SHARMA KAJAL ,,FEMALE,,,office23@gmail.com,,Active
112,CHOUDHARY SANJU ,,FEMALE,,,office23@gmail.com,,Active
111,KUMARI KAJAL ,,FEMALE,,,office23@gmail.com,,Active
110,KUMARI SUNITA ,,FEMALE,,,office23@gmail.com,,Active
109,KUMARI MOHINA ,,FEMALE,,,office23@gmail.com,,Active
108,KUMAR DEEPANDU ,,MALE,,,office23@gmail.com,,Active
107,KUMAR BHANU ,,MALE,,,office23@gmail.com,,Active
106,KUMAR KAMAL ,,MALE,,,office23@gmail.com,,Active
105,KUMAR AYUSH ,,MALE,,,office23@gmail.com,,Active
104,KUMAR RAMESH ,,MALE,MARRIED,,office23@gmail.com,,Active
103,XYZ ZAHIDA ,,FEMALE,,,office23@gmail.com,,Active
102,VIKRAM VIJAYADITYA ,,MALE,,,office23@gmail.com,,Active
101,KUMARI TWINKLE ,,FEMALE,,,office23@gmail.com,,Active
100,MISHRA GOVIND KUMAR,,MALE,SINGLE,,office23@gmail.com,,Active
99,KUMARI SAPNA ,,FEMALE,,,office23@gmail.com,,Active
98,KUMAR SANJEEV ,,MALE,,,office23@gmail.com,,Active
97,KUMAR GAURAV ,,MALE,SINGLE,,office23@gmail.com,,Active
96,CHAUHAN ROHIT ,,MALE,,,office23@gmail.com,,Active
95,RANI PRANJALI ,,FEMALE,,,office23@gmail.com,,Active
94,KUMAR HIMANSHU ,,MALE,SINGLE,,office23@gmail.com,,Active
93,KUMARI PINKI ,,FEMALE,,,office23@gmail.com,,Active
92,KUMAR MOHIT ,,MALE,,,office23@gmail.com305,,Active
91,KUMARI MANISHA ,,FEMALE,,,office23@gmail.com,,Active
90,JHA NITESH ,,MALE,SINGLE,,office23@gmail.com,,Active
89,KUMAR MANISH ,,MALE,SINGLE,,office23@gmail.com,,Active
88,KUMARI MADHU ,,FEMALE,,,office23@gmail.com,,Active
87,VISHKARMA ASHU ,,MALE,SINGLE,,office23@gmail.com,,Active
86,CHORSIYA KHUSHI ,,FEMALE,,,office23@gmail.com,,Active
85,SINGH DEEPAK ,,MALE,SINGLE,,office23@gmail.com,,Active
84,KUMARI JYOTI ,,FEMALE,,,office23@gmail.com,,Active
83,RANI FOZIA ,,FEMALE,,,office23@gmail.com,,Active
82,XYZ FIRDOS ,,FEMALE,,,office23@gmail.com,,Active
81,KUMAR PRAVEEN ,,MALE,MARRIED,,office23@gmail.com,,Active
80,RANI DIMPY ,,FEMALE,,,office23@gmail.com,,Active
79,RANI BABY ,,FEMALE,,,office23@gmail.com,,Active
78,KUMAR KAUSHAL ,,MALE,SINGLE,,office23@gmail.com,,Active
77,KUMAR ANOOP ,,MALE,,,office23@gmail.com,,Active
76,SHARMA AJAY ,,MALE,,,office23@gmail.com,,Active
75,SINGH ABHISHEK ,,MALE,,,office23@gmail.com,,Active
74,SAINI KAVITA ,,FEMALE,SINGLE,,office23@gmail.com,,Active
73,RANI KAVITA ,,FEMALE,,,office23@gmail.com,,Active
72,RANI NIKITA ,,FEMALE,,,office23@gmail.com,,Active
71,KUMAR AKSHAY ,,MALE,,,office23@gmail.com,,Active
70,RANI FARHIN ,,FEMALE,,,office23@gmail.com,,Active
69,KUMARI KIRAN ,,FEMALE,,,office23@gmail.com,,Active
68,KUMARI VINAY ,,FEMALE,SINGLE,,office23@gmail.com,,Active
67,KUMAR SUDHIR ,,MALE,,,office23@gmail.com,,Active
66,KUMARI PRIYA ,,FEMALE,SINGLE,,office23@gmail.com,,Active
65,KUMARI VANI ,,FEMALE,,,office23@gmail.com,,Active
64,RANI VISHAKA ,,FEMALE,,,office23@gmail.com,,Active
63,KUMARI PRIYA ,,FEMALE,SINGLE,,office23@gmail.com,Regular,Active
62,KUMAR SOURABH ,,MALE,SINGLE,,office23@gmail.com,,Active
61,KUMARI MANISHA ,,FEMALE,SINGLE,,office23@gmail.com,,Active
60,KUMAR SURAJ ,,MALE,SINGLE,,office23@gmail.com,,Active
59,KUMARI AKRITI ,,FEMALE,SINGLE,,office23@gmail.com,,Active
58,KUMAR AMARDEEP ,,MALE,SINGLE,,office23@gmail.com,,Active
57,KUMARI JYOTI ,,FEMALE,SINGLE,,office23@gmail.com,,Active
56,KUMAR AASISH ,,MALE,,,office23@gmail.com,,Active
55,RANI SUMAN ,,FEMALE,,,office23@gmail.com,,Active
54,KUMAR ANOOP ,,MALE,SINGLE,,office23@gmail.com,,Active
53,YADAV MANISH ,,MALE,SINGLE,,office23@gmail.com,,Active
52,AKRAM MD ,,MALE,SINGLE,,office23@gmail.com,,Active
51,SONU MD ,,MALE,SINGLE,,office23@gmail.com,,Active
50,KUMARI ARTI ,,FEMALE,SINGLE,,office23@gmail.com,,Active
49,KUMAR SUJEET ,,MALE,,,office23@gmail.com,,Active
48,KUMARI GUDDI ,,FEMALE,MARRIED,,office23@gmail.com,,Active
47,KUMAR KRANTI ,,MALE,SINGLE,,office23@gmail.com,,Active
46,KUMAR ROHIT ,,MALE,,,office23@gmail.com,,Active
45,RANI GULISHTA ,,FEMALE,,,office23@gmail.com,,Active
44,RANI SUSHILA ,,FEMALE,MARRIED,,office23@gmail.com,,Active
43,SHARMA ROHIT ,,MALE,,,office23@gmail.com,,Active
42,MEHANDI INTEZAAR ,,MALE,MARRIED,,office23@gmail.com,,Active
41,KUMAR KUNAL ,,MALE,,,office23@gmail.com,,Active
40,KUMAR ROHIT ,,MALE,,,office23@gmail.com,,Active
39,JHA PARKASH CHAND,,MALE,,,office23@gmail.com,,Active
38,MISHRA VIKRAM ,,MALE,,,office23@gmail.com,,Active
37,MISHRA VIKRAM ,,MALE,,,office23@gmail.com,,Active
36,KUMAR PANKAJ ,,MALE,,,office23@gmail.com,,Active
35,KUMAR JAI ,,MALE,,,office23@gmail.com,,Active
34,RANI MEERA ,,FEMALE,MARRIED,,office23@gmail.com,,Active
33,KUMAR AJAY ,,MALE,,,office23@gmail.com,,Active
32,BISHT TARA SINGH,,MALE,MARRIED,,office23@gmail.com,,Active
31,NANDAN KRISHNA ,,MALE,,,office23@gmail.com,,Active
30,PARSHAD DURGA ,,MALE,SINGLE,,office23@gmail.com,,Active
29,SINGH ANAND ,,MALE,MARRIED,,office23@gmail.com,,Active
28,KUMAR KARAN ,,MALE,MARRIED,,office23@gmail.com,,Active
27,VERMA VERSHA ,,FEMALE,MARRIED,,office23@gmail.com,,Active
26,KUMAR SHARIK ,,MALE,,,office23@gmail.com,,Active
25,DUBEY PAWAN ,,MALE,MARRIED,,office23@gmail.com,,Active
24,SAFI SAJAUDDIN ,,MALE,,,office23@gmail.com,,Active
23,CHAKRABORTY AVIK ,,MALE,,,office23@gmail.com,,Active
22,SHUKLA JITENDER ,,MALE,MARRIED,,office23@gmail.com,,Active
21,KUMARI SHIVANI ,,FEMALE,SINGLE,,office23@gmail.com,,Active
20,THAKUR CHAMAN ,,MALE,MARRIED,,office23@gmail.com,,Active
19,SINGH KAUSHAL ,,MALE,SINGLE,,office23@gmail.com,,Active
18,SHARMA ATUL ,,MALE,MARRIED,,office23@gmail.com,,Active
17,KAUR JASLEEN ,,FEMALE,MARRIED,,office23@gmail.com,,Active
16,KUMAR MANOJ ,,MALE,,,office23@gmail.com,,Active
15,BISHT MUKESH ,,MALE,,,office23@gmail.com,,Active
14,KUMAR VIVEK ,,MALE,,,office23@gmail.com,,Active
13,GARG HUNNY ,,MALE,MARRIED,,office23@gmail.com,,Active
12,MISHRA MUKESH ,,MALE,MARRIED,,office23@gmail.com,,Active
11,MISHRA VIKASH KUMAR,,MALE,MARRIED,8676868023,vikashmishra344@gmail.com,,Active
10,HOODA MEENU ,,FEMALE,SINGLE,,meenuhooda024@gmail.com,,Active
9,SAIN MEENAKSHI ,,FEMALE,SINGLE,,meenakshisain37@gmail.com,,Active
8,PARVEEN SALIHA ,,FEMALE,SINGLE,,saliyaparveen1999@gmail.com,,Active
7,BISHNOI MITUL ,,FEMALE,MARRIED,8307383323,mitulbishnoi29@gmail.com,,Active
6,PAHWA ANKIT ,28,MALE,SINGLE,8901262650,pahwa.ankit3@gmail.com,Regular,Active
5,SHARMA KRISHNA ,,MALE,MARRIED,9911202006,sharmakrishna313@gmail.com,Regular,Active
