"ID",EMPLOYEE,DP Code,AGE,GENDER,CIVILSTATUS,MOBILE NUMBER,EMAIL ADDRESS,EMPLOYMENT TYPE,EMPLOYMENT STATUS
305,SACHIN KUMAR ,,,MALE,SINGLE,,office23@gmail.com,,Active
304,PRIYA DHINGRA ,,,FEMALE,MARRIED,,office23@gmail.com,Regular,Active
303,MD TOSHIF ,,,MALE,SINGLE,,office23@gmail.com,Regular,Active
302,RAHUL KUMAR ,,,MALE,SINGLE,,office23@gmail.com,Regular,Active
301,RAM NATH ,,,MALE,SINGLE,,office23@gmail.com,Regular,Active
300,PAWAN KUMAR ,,,MALE,SINGLE,,office23@gmail.com,Regular,Active
299,ANURAG KUMAR ,,,MALE,SINGLE,,office23@gmail.com,Regular,Active
298,VIKAS RAJ ,,,MALE,SINGLE,,office23@gmail.com,Regular,Active
297,PRIYANKA KUMARI ,,,FEMALE,MARRIED,,office02@gmail.com,Regular,Active
296,MD ASIF ,,,MALE,SINGLE,,office23@gmail.com,Regular,Active
295,MAHESH RAJA ,,,MALE,SINGLE,,office23@gmail.com,Regular,Active
294,NANDLAL JHA ,,,MALE,SINGLE,,office23@gmail.com,Regular,Active
293,VISHAL KUMAR ,,,MALE,SINGLE,,office23@gmail.com,Regular,Active
292,SURAJ KUMAR ,,,MALE,SINGLE,,office23@gmail.com,Regular,Active
291,PAWAN KUMAR ,,,MALE,SINGLE,,office23@gmail.com,Regular,Active
290,PUNAM KUMARI ,,,FEMALE,SINGLE,,office02@gmail.com,Regular,Active
289,PRIYANSHU GUPTA ,,,MALE,SINGLE,,office23@gmail.com,Regular,Active
288,SONALI BISWAS ,,,FEMALE,MARRIED,,office02@gmail.com,Regular,Active
287,KISHAN KUMAR ,,,MALE,SINGLE,,office23@gmail.com,Regular,Active
286,RAJESH KUMAR ,,,MALE,SINGLE,,office23@gmail.com,Regular,Active
285,MUNNA KUMAR ,,,MALE,SINGLE,,office02@gmail.com,Regular,Active
284,RITIK YADAV ,,,MALE,SINGLE,,office23@gmail.com,Regular,Active
283,SHIVA KUMAR ,,,MALE,SINGLE,,office02@gmail.com,Regular,Active
282,VINOD KUMAR ,,,MALE,SINGLE,,office23@gmail.com,Regular,Active
281,RAHUL KUMAR ,,,MALE,SINGLE,,office02@gmail.com,Regular,Active
280,SHUBHAM YADAV ,,,MALE,SINGLE,,office23@gmail.com,Regular,Active
279,SANTOSH KUMAR ,,,MALE,SINGLE,,office23@gmail.com,Regular,Active
278,RAM GOPAL ,,,MALE,SINGLE,,office23@gmail.com,Regular,Active
277,RAJ GOND ,,,MALE,SINGLE,,office23@gmail.com,Regular,Active
276,NITISH KUMAR ,,,MALE,SINGLE,,office23@gmail.com,Regular,Active
275,BHASKAR KUMAR ,,,MALE,SINGLE,,office02@gmail.com,Regular,Active
274,MOHIT GOSWAMI ,,,MALE,SINGLE,,office23@gmail.com,Regular,Active
273,MANOJ KUMAR ,,,MALE,SINGLE,,office23@gmail.com,Regular,Active
272,IRFAN KHAN ,,,MALE,SINGLE,,office23@gmail.com,Regular,Active
271,VISHAL MISHRA ,,,MALE,SINGLE,,office02@gmail.com,Regular,Active
270,HIMANSHU SINGH ,,,MALE,SINGLE,,office23@gmail.com,Regular,Active
269,CHANDAN KUMAR ,,,MALE,SINGLE,,office23@gmail.com,Regular,Active
268,BHUPENDER KUMAR ,,,MALE,SINGLE,,office23@gmail.com,Regular,Active
267,SANTOSH KUMARI ,,,FEMALE,SINGLE,,office02@gmail.com,Regular,Active
266,NISHA KUMARI ,,,FEMALE,SINGLE,,office02@gmail.com,Regular,Active
265,KUSHUM KUMARI ,,,FEMALE,SINGLE,,office02@gmail.com,Regular,Active
264,KOMAL KUMARI ,,,FEMALE,SINGLE,,office02@gmail.com,Regular,Active
263,ARUNIMA SINGH ,,,FEMALE,SINGLE,,office02@gmail.com,Regular,Active
262,AKHILESH KUMAR ,,,MALE,SINGLE,,office02@gmail.com,Regular,Active
261,ABHISHEK SHUKLA ,,,MALE,SINGLE,,office02@gmail.com,Regular,Active
260,ANURAG KUMAR ,,,MALE,SINGLE,,office02@gmail.com,Regular,Active
259,LAXMI KUMARI ,,,FEMALE,SINGLE,,office02@gmail.com,Regular,Active
258,NAVEEN KUMAR ,,,MALE,SINGLE,,office02@gmail.com,Regular,Active
257,MONIKA KUMARI ,,,FEMALE,SINGLE,,office02@gmail.com,Regular,Active
256,MADHU KUMARI ,,,FEMALE,SINGLE,,office02@gmail.com,Regular,Active
255,MOHIT KUMAR ,,,MALE,SINGLE,,office02@gmail.com,Regular,Active
254,REENA KUMARI ,,,FEMALE,SINGLE,,office02@gmail.com,Regular,Active
253,RUMAN JAISWAL ,,,FEMALE,SINGLE,,office02@gmail.com,Regular,Active
252,ANISH KUMAR ,,,MALE,SINGLE,,office02@gmail.com,Regular,Active
251,AMAN SAINI ,,,MALE,SINGLE,,office02@gmail.com,Regular,Active
250,RAM AWAD KUMAR ,,,MALE,SINGLE,,office02@gmail.com,Regular,Active
249,YOGENDER KUMAR ,,,MALE,SINGLE,,office02@gmail.com,Regular,Active
248,AMBIKA KUMARI ,,,FEMALE,SINGLE,,office02@gmail.com,Regular,Active
247,SUNNY KUMAR ,,,MALE,SINGLE,,office02@gmail.com,Regular,Active
246,KOMAL KASHYUP ,,,FEMALE,SINGLE,,office02@gmail.com,Regular,Active
245,TARA KUMARI ,,,FEMALE,SINGLE,,office02@gmail.com,Regular,Active
244,KHUSHBOO THAKUR ,,,FEMALE,SINGLE,,office02@gmail.com,Regular,Active
243,KESHAV KUMAR ,,,MALE,SINGLE,,office02@gmail.com,Regular,Active
242,RASHMI KUMARI ,,,FEMALE,SINGLE,,office02@gmail.com,Regular,Active
241,DEEPAK PAL ,,,MALE,SINGLE,,office02@gmail.com,Regular,Active
240,POOJA KUMARI ,,,FEMALE,SINGLE,,office02@gmail.com,Regular,Active
239,NILAM KUMARI ,,,FEMALE,SINGLE,,office02@gmail.com,Regular,Active
238,NARENDER KUMAR ,,,FEMALE,SINGLE,,office02@gmail.com,Regular,Active
237,RAKHI KUMARI ,,,FEMALE,SINGLE,,office02@gmail.com,Regular,Active
236,ARUNIMA KUMARI ,,,FEMALE,SINGLE,,office02@gmail.com,Regular,Active
235,DHRUV SHARMA ,,,MALE,SINGLE,,office02@gmail.com,Regular,Active
234,VISHAL KUMAR ,,,MALE,SINGLE,,office02@gmail.com,Regular,Active
233,ROSHNI KUMARI ,,,FEMALE,SINGLE,,office02@gmail.com,Regular,Active
232,ABHISHEK MEHTO ,,,MALE,SINGLE,,office02@gmail.com,Regular,Active
231,AMIT YADAV ,,,MALE,SINGLE,,office02@gmail.com,Regular,Active
230,SUMIT KUMAR ,,,MALE,SINGLE,,office02@gmail.com,Regular,Active
229,PRINCE KUMAR ,,,FEMALE,SINGLE,,office02@gmail.com,Regular,Active
228,DEEPAK YADAV ,,,MALE,SINGLE,,office02@gmail.com,Regular,Active
227,NISHU KUMARI ,,,FEMALE,SINGLE,,office02@gmail.com,Regular,Active
226,SIMRAN KUMARI ,,,FEMALE,SINGLE,,office02@gmail.com,Regular,Active
225,DEEPAK PRAJAPATI ,,,MALE,SINGLE,,office02@gmail.com,Regular,Active
224,PRIYA KUMARI ,,,FEMALE,SINGLE,,office02@gmail.com,Regular,Active
223,GAYATRI KUMARI ,,,FEMALE,SINGLE,,office02@gmail.com,Regular,Active
222,PRIYANKA KUMARI ,,,FEMALE,SINGLE,,office02@gmail.com,Regular,Active
221,AAKASH KUMAR ,,,MALE,SINGLE,,office02@gmail.com,Regular,Active
220,KOMAL KUMARI ,,,FEMALE,SINGLE,,office02@gmail.com,Regular,Active
219,PINKI KUMARI ,,,FEMALE,SINGLE,,office02@gmail.com,Regular,Active
218,BRIJESH KUMAR ,,,MALE,,,office02@gmail.com,Regular,Active
217,ROHIT KUMAR ,,,MALE,SINGLE,,office02@gmail.com,Regular,Active
216,SURAJ KUMAR ,,,MALE,SINGLE,,office02@gmail.com,Regular,Active
215,POOJA PANDEY ,,,FEMALE,SINGLE,,office02@gmail.com,Regular,Active
214,HEAD OFFICE ,,,MALE,,,hod@gmail.com,Regular,Active
213,AMAN K ,,,MALE,,,office23@gmail.com,,Active
212,PREET KUMARI ,,,FEMALE,,,office23@gmail.com,,Active
211,MONIKA KUMARI ,,,FEMALE,,,office23@gmail.com,,Active
210,ROHIT KUMAR ,,,MALE,,,office23@gmail.com,,Active
209,HIMANSHU KUMAR ,,,MALE,,,office23@gmail.com,,Active
208,SHUBHAM KUMAR ,,,MALE,,,office23@gmail.com,,Active
207,SHILPA RANI ,,,FEMALE,,,office23@gmail.com,,Active
206,RAVI KUMAR ,,,MALE,,,office23@gmail.com,,Active
205,LAXMI KUMARI ,,,FEMALE,,,office23@gmail.com,,Active
204,MUSKAN KUMARI ,,,FEMALE,,,office23@gmail.com,,Active
203,SANJEEV KUMAR ,,,MALE,,,office23@gmail.com,,Active
202,AMAN VERMA ,,,MALE,,,office23@gmail.com,,Active
201,AKANSHA KUMARI ,,,FEMALE,,,office23@gmail.com,,Active
200,SAHIL KUMAR ,,,MALE,,,office23@gmail.com,,Active
199,SUNIL KUMAR ,,,MALE,,,office23@gmail.com,,Active
198,HIMALAYA KUMAR ,,,MALE,,,office23@gmail.com,,Active
197,SUNDRAM JHA ,,,MALE,,,office23@gmail.com,,Active
196,UTTKARSH JHA ,,,MALE,,,office23@gmail.com,,Active
195,ANKIT SINGH ,,,MALE,,,office23@gmail.com,,Active
194,GUNJAN KUMARI ,,,FEMALE,,,office23@gmail.com,,Active
193,ARTI-2 KUMARI ,,,FEMALE,,,office23@gmail.com,,Active
192,ARTI-1 KUMARI ,,,FEMALE,,,office23@gmail.com,,Active
191,SHIVAM MISHRA ,,,MALE,,,office23@gmail.com,,Active
190,JATIN KUMAR ,,,MALE,,,office23@gmail.com,,Active
189,SATBIR KUMAR ,,,MALE,,,office23@gmail.com,,Active
188,ASHA RANI ,,,FEMALE,,,office23@gmail.com,,Active
187,SHEHNAAZ KUMARI ,,,FEMALE,,,office23@gmail.com,,Active
186,NEHA RANI ,,,FEMALE,,,office23@gmail.com,,Active
185,CHANDNI KUMARI ,,,FEMALE,,,office23@gmail.com,,Active
184,NISHA YADAV ,,,FEMALE,,,office23@gmail.com,,Active
183,KRISHNA JHA ,,,MALE,,,office23@gmail.com,,Active
182,SANJAY KUMAR ,,,MALE,,,office23@gmail.com,,Active
181,SUMAN RANI ,,,FEMALE,,,office23@gmail.com,,Active
180,YOGITA KUMARI ,,,FEMALE,,,office23@gmail.com,,Active
179,AMAN SINGH ,,,MALE,,,office23@gmail.com,,Active
178,PREETI RANI ,,,FEMALE,,,office23@gmail.com,,Active
177,RAJAN KUMAR ,,,MALE,,,office23@gmail.com,,Active
176,JOGINDER SHARMA ,,,MALE,,,office23@gmail.com,,Active
175,SACHIN KUMAR ,,,MALE,,,office23@gmail.com,,Active
174,SUMIT KUMAR ,,,MALE,,,office23@gmail.com,,Active
173,ANJALI RANI ,,,FEMALE,,,office23@gmail.com,,Active
172,ANISHA KUMARI ,,,FEMALE,,,office23@gmail.com,,Active
171,ABHISHEK DAS ,,,MALE,,,office23@gmail.com,,Active
170,RIYA SHARMA ,,,FEMALE,,,office23@gmail.com,,Active
169,GAYATRI RATHOR ,,,FEMALE,,,office23@gmail.com,,Active
168,RAHUL SINGH ,,,MALE,,,office23@gmail.com,,Active
167,KIRAN CHAUHAN ,,,FEMALE,,,office23@gmail.com,,Active
166,MAMTA BARA ,,,FEMALE,,,office23@gmail.com,,Active
165,ROSHNI KHAN ,,,FEMALE,,,office23@gmail.com,,Active
164,ARUN SHARMA ,,,MALE,,,office23@gmail.com,,Active
163,JAI PRAKASH ,,,MALE,MARRIED,,office23@gmail.com,,Active
162,SATISH KUMAR ,,,MALE,,,office23@gmail.com,,Active
161,AMAN KUMAR ,,,MALE,,,office23@gmail.com,,Active
160,AMAN SHARMA ,,,MALE,,,office23@gmail.com,,Active
159,RIYA MISHRA ,,,FEMALE,,,office23@gmail.com,,Active
158,RITIK YADAV ,,,MALE,,,office23@gmail.com,,Active
157,ISHIKA KUMARI ,,,FEMALE,,,office23@gmail.com,,Active
156,VARSHA RANI ,,,FEMALE,,,office23@gmail.com,,Active
155,TASMIN SABA ,,,FEMALE,,,office23@gmail.com,,Active
154,SHOBHA KUMARI ,,,FEMALE,,,office23@gmail.com,,Active
153,SAGAR KUMAR ,,,MALE,,,office23@gmail.com,,Active
152,RESHMA KUMARI ,,,FEMALE,,,office23@gmail.com,,Active
151,RAKHI KUMARI ,,,FEMALE,,,office23@gmail.com,,Active
150,RAJAT SHARMA ,,,MALE,,,office23@gmail.com,,Active
149,PRIYA KUMARI ,,,FEMALE,,,office23@gmail.com,,Active
148,POOJA DEEWAKAR ,,,FEMALE,,,office23@gmail.com,,Active
147,PINKI RANI ,,,FEMALE,,,office23@gmail.com,,Active
146,NISHA KUMARI ,,,FEMALE,,,office23@gmail.com,,Active
145,NITIN PRAJAPATI ,,,MALE,,,office23@gmail.com,,Active
144,NEHA SHARMA ,,,FEMALE,,,office23@gmail.com,,Active
143,MONA KUMARI ,,,FEMALE,,,office23@gmail.com,,Active
142,LALIT KUMAR ,,,MALE,,,office23@gmail.com,,Active
141,KHUSHI KUMARI ,,,FEMALE,,,office23@gmail.com,,Active
140,KHUSHBOO KUMARI ,,,FEMALE,,,office23@gmail.com,,Active
139,KAJOL KUMARI ,,,FEMALE,,,office23@gmail.com,,Active
138,JYOTSANA KUNDRA ,,,FEMALE,,,office23@gmail.com,,Active
137,GAURAV MEGLANI ,,,MALE,,,office23@gmail.com,,Active
136,DIPENDER KUMAR ,,,MALE,,,office23@gmail.com,,Active
135,ANJALI KUMARI ,,,FEMALE,,,office23@gmail.com,,Active
134,ABHISHEK KUMAR ,,,MALE,,,office23@gmail.com,,Active
133,AMRENDER JHA ,,,MALE,,,office23@gmail.com,,Active
132,KUMARI ANJANI ,,,FEMALE,,,office23@gmail.com,,Active
131,RAHUL KUMAR ,,,MALE,,,office23@gmail.com,,Active
130,NISHA KUMARI ,,,FEMALE,,,office23@gmail.com,,Active
129,DEEPAK JAISWAL ,,,MALE,,,office23@gmail.com,,Active
128,ASHU TIWARI ,,,MALE,,,office23@gmail.com,,Active
127,SANGEETA KUMARI ,,,FEMALE,,,office23@gmail.com,,Active
126,REENA KUMARI ,,,FEMALE,,,office23@gmail.com,,Active
125,HIMANSHU KUMAR ,,,MALE,,,office23@gmail.com,,Active
124,SATENDER YADAV ,,,MALE,,,office23@gmail.com,,Active
123,GOVIND KUMAR ,,,MALE,,,office23@gmail.com,,Active
122,RAHUL KUMAR ,,,MALE,,,office23@gmail.com,,Active
121,GAURAV KUMAR ,,,MALE,,,office23@gmail.com,,Active
120,JYOTI RANI ,,,FEMALE,,,office23@gmail.com,,Active
119,ANAMIKA KUMARI ,,,FEMALE,,,office23@gmail.com,,Active
118,MUSKAN RANI ,,,FEMALE,,,office23@gmail.com,,Active
117,RASHMI KUMARI ,,,FEMALE,,,office23@gmail.com,,Active
116,NISHA KUMARI ,,,FEMALE,,,office23@gmail.com,,Active
115,POOJA KUMARI ,,,FEMALE,,,office23@gmail.com,,Active
114,NITIN PAL ,,,MALE,,,office23@gmail.com,,Active
113,KAJAL SHARMA ,,,FEMALE,,,office23@gmail.com,,Active
112,SANJU CHOUDHARY ,,,FEMALE,,,office23@gmail.com,,Active
111,KAJAL KUMARI ,,,FEMALE,,,office23@gmail.com,,Active
110,SUNITA KUMARI ,,,FEMALE,,,office23@gmail.com,,Active
109,MOHINA KUMARI ,,,FEMALE,,,office23@gmail.com,,Active
108,DEEPANDU KUMAR ,,,MALE,,,office23@gmail.com,,Active
107,BHANU KUMAR ,,,MALE,,,office23@gmail.com,,Active
106,KAMAL KUMAR ,,,MALE,,,office23@gmail.com,,Active
105,AYUSH KUMAR ,,,MALE,,,office23@gmail.com,,Active
104,RAMESH KUMAR ,,,MALE,MARRIED,,office23@gmail.com,,Active
103,ZAHIDA XYZ ,,,FEMALE,,,office23@gmail.com,,Active
102,VIJAYADITYA VIKRAM ,,,MALE,,,office23@gmail.com,,Active
101,TWINKLE KUMARI ,,,FEMALE,,,office23@gmail.com,,Active
100,GOVIND MISHRA KUMAR,,,MALE,SINGLE,,office23@gmail.com,,Active
99,SAPNA KUMARI ,,,FEMALE,,,office23@gmail.com,,Active
98,SANJEEV KUMAR ,,,MALE,,,office23@gmail.com,,Active
97,GAURAV KUMAR ,,,MALE,SINGLE,,office23@gmail.com,,Active
96,ROHIT CHAUHAN ,,,MALE,,,office23@gmail.com,,Active
95,PRANJALI RANI ,,,FEMALE,,,office23@gmail.com,,Active
94,HIMANSHU KUMAR ,,,MALE,SINGLE,,office23@gmail.com,,Active
93,PINKI KUMARI ,,,FEMALE,,,office23@gmail.com,,Active
92,MOHIT KUMAR ,,,MALE,,,office23@gmail.com305,,Active
91,MANISHA KUMARI ,,,FEMALE,,,office23@gmail.com,,Active
90,NITESH JHA ,,,MALE,SINGLE,,office23@gmail.com,,Active
89,MANISH KUMAR ,,,MALE,SINGLE,,office23@gmail.com,,Active
88,MADHU KUMARI ,,,FEMALE,,,office23@gmail.com,,Active
87,ASHU VISHKARMA ,,,MALE,SINGLE,,office23@gmail.com,,Active
86,KHUSHI CHORSIYA ,,,FEMALE,,,office23@gmail.com,,Active
85,DEEPAK SINGH ,,,MALE,SINGLE,,office23@gmail.com,,Active
84,JYOTI KUMARI ,,,FEMALE,,,office23@gmail.com,,Active
83,FOZIA RANI ,,,FEMALE,,,office23@gmail.com,,Active
82,FIRDOS XYZ ,,,FEMALE,,,office23@gmail.com,,Active
81,PRAVEEN KUMAR ,,,MALE,MARRIED,,office23@gmail.com,,Active
80,DIMPY RANI ,,,FEMALE,,,office23@gmail.com,,Active
79,BABY RANI ,,,FEMALE,,,office23@gmail.com,,Active
78,KAUSHAL KUMAR ,,,MALE,SINGLE,,office23@gmail.com,,Active
77,ANOOP KUMAR ,,,MALE,,,office23@gmail.com,,Active
76,AJAY SHARMA ,,,MALE,,,office23@gmail.com,,Active
75,ABHISHEK SINGH ,,,MALE,,,office23@gmail.com,,Active
74,KAVITA SAINI ,,,FEMALE,SINGLE,,office23@gmail.com,,Active
73,KAVITA RANI ,,,FEMALE,,,office23@gmail.com,,Active
72,NIKITA RANI ,,,FEMALE,,,office23@gmail.com,,Active
71,AKSHAY KUMAR ,,,MALE,,,office23@gmail.com,,Active
70,FARHIN RANI ,,,FEMALE,,,office23@gmail.com,,Active
69,KIRAN KUMARI ,,,FEMALE,,,office23@gmail.com,,Active
68,VINAY KUMARI ,,,FEMALE,SINGLE,,office23@gmail.com,,Active
67,SUDHIR KUMAR ,,,MALE,,,office23@gmail.com,,Active
66,PRIYA KUMARI ,,,FEMALE,SINGLE,,office23@gmail.com,,Active
65,VANI KUMARI ,,,FEMALE,,,office23@gmail.com,,Active
64,VISHAKA RANI ,,,FEMALE,,,office23@gmail.com,,Active
63,PRIYA KUMARI ,,,FEMALE,SINGLE,,office23@gmail.com,Regular,Active
62,SOURABH KUMAR ,,,MALE,SINGLE,,office23@gmail.com,,Active
61,MANISHA KUMARI ,,,FEMALE,SINGLE,,office23@gmail.com,,Active
60,SURAJ KUMAR ,,,MALE,SINGLE,,office23@gmail.com,,Active
59,AKRITI KUMARI ,,,FEMALE,SINGLE,,office23@gmail.com,,Active
58,AMARDEEP KUMAR ,,,MALE,SINGLE,,office23@gmail.com,,Active
57,JYOTI KUMARI ,,,FEMALE,SINGLE,,office23@gmail.com,,Active
56,AASISH KUMAR ,,,MALE,,,office23@gmail.com,,Active
55,SUMAN RANI ,,,FEMALE,,,office23@gmail.com,,Active
54,ANOOP KUMAR ,,,MALE,SINGLE,,office23@gmail.com,,Active
53,MANISH YADAV ,,,MALE,SINGLE,,office23@gmail.com,,Active
52,MD AKRAM ,,,MALE,SINGLE,,office23@gmail.com,,Active
51,MD SONU ,,,MALE,SINGLE,,office23@gmail.com,,Active
50,ARTI KUMARI ,,,FEMALE,SINGLE,,office23@gmail.com,,Active
49,SUJEET KUMAR ,,,MALE,,,office23@gmail.com,,Active
48,GUDDI KUMARI ,,,FEMALE,MARRIED,,office23@gmail.com,,Active
47,KRANTI KUMAR ,,,MALE,SINGLE,,office23@gmail.com,,Active
46,ROHIT KUMAR ,,,MALE,,,office23@gmail.com,,Active
45,GULISHTA RANI ,,,FEMALE,,,office23@gmail.com,,Active
44,SUSHILA RANI ,,,FEMALE,MARRIED,,office23@gmail.com,,Active
43,ROHIT SHARMA ,,,MALE,,,office23@gmail.com,,Active
42,INTEZAAR MEHANDI ,,,MALE,MARRIED,,office23@gmail.com,,Active
41,KUNAL KUMAR ,,,MALE,,,office23@gmail.com,,Active
40,ROHIT KUMAR ,,,MALE,,,office23@gmail.com,,Active
39,PARKASH JHA CHAND,,,MALE,,,office23@gmail.com,,Active
38,VIKRAM MISHRA ,,,MALE,,,office23@gmail.com,,Active
37,VIKRAM MISHRA ,,,MALE,,,office23@gmail.com,,Active
36,PANKAJ KUMAR ,,,MALE,,,office23@gmail.com,,Active
35,JAI KUMAR ,,,MALE,,,office23@gmail.com,,Active
34,MEERA RANI ,,,FEMALE,MARRIED,,office23@gmail.com,,Active
33,AJAY KUMAR ,,,MALE,,,office23@gmail.com,,Active
32,TARA BISHT SINGH,,,MALE,MARRIED,,office23@gmail.com,,Active
31,KRISHNA NANDAN ,,,MALE,,,office23@gmail.com,,Active
30,DURGA PARSHAD ,,,MALE,SINGLE,,office23@gmail.com,,Active
29,ANAND SINGH ,,,MALE,MARRIED,,office23@gmail.com,,Active
28,KARAN KUMAR ,,,MALE,MARRIED,,office23@gmail.com,,Active
27,VERSHA VERMA ,,,FEMALE,MARRIED,,office23@gmail.com,,Active
26,SHARIK KUMAR ,,,MALE,,,office23@gmail.com,,Active
25,PAWAN DUBEY ,,,MALE,MARRIED,,office23@gmail.com,,Active
24,SAJAUDDIN SAFI ,,,MALE,,,office23@gmail.com,,Active
23,AVIK CHAKRABORTY ,,,MALE,,,office23@gmail.com,,Active
22,JITENDER SHUKLA ,,,MALE,MARRIED,,office23@gmail.com,,Archived
21,SHIVANI KUMARI ,,,FEMALE,SINGLE,,office23@gmail.com,,Active
20,CHAMAN THAKUR ,,,MALE,MARRIED,,office23@gmail.com,,Active
19,KAUSHAL SINGH ,,,MALE,SINGLE,,office23@gmail.com,,Active
18,ATUL SHARMA ,,,MALE,MARRIED,,office23@gmail.com,,Active
17,JASLEEN KAUR ,,,FEMALE,MARRIED,,office23@gmail.com,,Active
16,MANOJ KUMAR ,,,MALE,,,office23@gmail.com,,Active
15,MUKESH BISHT ,,,MALE,,,office23@gmail.com,,Active
14,VIVEK KUMAR ,,,MALE,,,office23@gmail.com,,Active
13,HUNNY GARG ,,,MALE,MARRIED,,office23@gmail.com,,Active
12,MUKESH MISHRA ,,,MALE,MARRIED,,office23@gmail.com,,Active
11,VIKASH MISHRA KUMAR,,,MALE,MARRIED,8676868023,vikashmishra344@gmail.com,,Active
10,MEENU HOODA ,,,FEMALE,SINGLE,,meenuhooda024@gmail.com,,Active
9,MEENAKSHI SAIN ,,,FEMALE,SINGLE,,meenakshisain37@gmail.com,,Active
8,SALIHA PARVEEN ,,,FEMALE,SINGLE,,saliyaparveen1999@gmail.com,,Active
7,MITUL BISHNOI ,,,FEMALE,MARRIED,8307383323,mitulbishnoi29@gmail.com,,Active
6,ANKIT PAHWA ,,28,MALE,SINGLE,8901262650,pahwa.ankit3@gmail.com,Regular,Active
5,KRISHNA SHARMA ,,,MALE,MARRIED,9911202006,sharmakrishna313@gmail.com,Regular,Active
